baseMean,log2FoldChange,lfcSE,pvalue,padj,genes,celltype
63.6608494643345,-3.11348990912808,0.841860004905617,6.33435984787079e-07,0.000379730621426435,AC092807.3,CM
67.5189699645048,-1.42193957652778,0.722898904860438,0.000120756881105722,0.0255654003450598,LGR6,CM
102.715757407464,-2.66578688736239,0.744748367820123,2.236615604582e-06,0.000989940622189648,TGFB2,CM
44.337459498836,-1.3755197598042,0.862436324199237,0.000200779629300635,0.0356139650567586,SLC30A3,CM
118.977066254739,-4.3297267807654,0.53188848291936,1.26225637111743e-18,1.65683771272874e-14,AC010967.1,CM
1196.0324993795,1.94156777218185,0.488490573525367,3.46012601536013e-06,0.00137629133568537,FHL2,CM
1648.85853536618,-1.26912605851329,0.283814383133111,1.83895164304689e-06,0.000928387664101288,NEB,CM
159.419367580821,1.29992276623112,0.418814915344376,2.76667783900243e-05,0.0077266836839885,DHRS9,CM
71.485586929297,1.45861513083386,0.63340200401358,7.58864961911654e-05,0.0174751955965831,COL3A1,CM
91.3013841977306,-2.06920825223998,0.922080094876698,3.64945030254597e-05,0.00958053693424367,ALCAM,CM
85.3293389938638,1.43846514588608,0.521836646751674,4.20816627225658e-05,0.0108306648018902,KLF15,CM
49.4871780618286,2.02788405506027,0.45347472108988,7.75825868316616e-07,0.000442760449892343,AC026353.1,CM
755.510796439658,-1.77286979428655,1.04956994777747,9.78112771085264e-05,0.021760522429263,FRAS1,CM
88.9674049145798,-2.51858335787918,0.737756719740026,3.94504142529082e-06,0.00152301805142257,ABCG2,CM
314.375373184187,1.17059265634067,0.356006321463845,2.17961667438977e-05,0.00621948879740002,CYP4V2,CM
282.712771725336,2.47714390367099,0.4973677672656,4.17449532097986e-08,4.5662021319318e-05,KLKB1,CM
1268.10899077083,1.15645539593507,0.263206551518667,2.44665987294417e-06,0.00103596314491178,CTNND2,CM
72.5044725211824,-3.11961874148574,0.581443164636242,1.53507312969218e-09,2.23881887781551e-06,CDH10,CM
594.071520970237,-1.92959170869554,0.460504544787993,2.08071227086502e-06,0.000975408188120511,FBN2,CM
1046.92110944359,-2.2076117040728,0.492784248318784,5.59387412525557e-07,0.000367125958840523,SLC27A6,CM
89.098806703976,-2.70024913494277,0.458597732286233,1.89546950720273e-10,4.81288218375695e-07,ADAMTS19,CM
112.540767446413,-1.79649481816772,0.405283130775488,1.23326941851533e-06,0.00064751577549729,LINC01470,CM
158.193348800905,-2.3768311749906,0.504512873905516,1.69934940014638e-07,0.000139410376414508,AC008691.1,CM
140.116504591736,-1.42598225112712,0.274417655778032,8.32819923886737e-08,7.28772954729154e-05,GABRB2,CM
2801.58263548045,1.41456831877973,0.550932924616218,5.51640611439301e-05,0.0131651539377314,TRDN-AS1,CM
504.30861087676,1.20031729925298,0.289634855762859,4.51573288213497e-06,0.00164648638363621,RPS6KA2,CM
945.906392279616,0.801807649625431,0.43714365272236,0.000174876325819701,0.031880925732075,RNF216,CM
829.693865870239,-2.1833594843443,0.411642076198562,1.4519517961347e-08,1.73257447964219e-05,AC011287.1,CM
300.796504947964,-1.77161338474409,0.753631133955889,5.17078857802754e-05,0.0127320578578179,DGKB,CM
117.098581313696,-2.30662053941831,0.876617984578157,1.60282204620736e-05,0.00489270748337623,GALNT17,CM
53.0009217661688,-1.94948197335153,0.482658683227279,2.95215176492336e-06,0.0012109357520745,ABCB1,CM
88.6901289106271,1.44026968269045,0.404518214258769,1.26324490946826e-05,0.0039479411146858,COL1A2,CM
56.8984233989418,-2.09086276560276,1.2980198897451,4.37549199022269e-05,0.0110447515122429,FLNC-AS1,CM
188.872462370524,1.38216996184519,0.759331155518138,0.000151139451476326,0.0296261605305305,MBNL3,CM
34.4840116646692,-1.55476647813834,0.985716503484633,0.000157607620267079,0.0296261605305305,CDC37L1-DT,CM
266.116394845776,-1.92013302017153,0.53543988601665,7.67651760349778e-06,0.00265163079114505,MAMDC2,CM
867.787891860635,-2.32741108458288,0.467319757730018,5.63543429973557e-08,5.28445823662005e-05,ASTN2,CM
38.8843604443933,-1.23861581072359,0.761104628070457,0.000221714195509897,0.0382923753981961,ASTN2-AS1,CM
2024.44020642122,1.99235697140284,0.295498019338425,3.06202154047405e-12,1.00480236850656e-08,ZBTB16,CM
182.824298992468,-2.05597523599475,0.746740337908846,2.15425856602345e-05,0.00621948879740002,TAGLN,CM
42.7751038823269,-1.90182409793237,0.500618752978576,5.27747180076515e-06,0.00187221877991469,AC245041.2,CM
102.059552057219,-3.03566665470567,0.370230561625874,6.94746451164102e-18,4.55962095899e-14,PCDH15,CM
47.9886585774696,-1.9801914308878,0.510766850329051,4.06333335181611e-06,0.00152386610216967,TLL2,CM
39.4199540053866,-1.47297083814693,0.81244796389362,0.000138683526112936,0.0288946025993397,FGFR2,CM
47.821340387828,1.38930122784286,0.771591424085117,0.000153904647721776,0.0296261605305305,LINC01252,CM
137.86758421823,1.27519347708869,0.667933881632869,0.000146234345571326,0.0296261605305305,AC122685.1,CM
754.354178964771,2.24344006244131,0.297831132666357,6.31480139690274e-15,2.76293610452485e-11,LINC01479,CM
2757.75219719196,2.90109792802797,0.615277429333739,5.63632601803144e-08,5.28445823662005e-05,IFNG-AS1,CM
1583.38618333597,-1.1966174692391,0.267953052245828,1.95232932850086e-06,0.000949121287626009,NAV3,CM
75.3664129006937,-1.84412287592562,1.09271579208067,8.44230190697954e-05,0.0191058025570713,AC089983.1,CM
64.0887182742793,1.29941141746844,0.78831630109865,0.000204123803009839,0.0357243871774287,DIAPH3,CM
46.7654304820187,1.2517648629304,0.693792411651974,0.000171779415793662,0.0317574170663043,PRKD1,CM
3229.48799350731,-1.46451485537869,0.498235542478783,3.21330658917643e-05,0.00878705464365203,RGS6,CM
36.8473336089337,-2.09554336619883,0.515811197906962,2.2625490374592e-06,0.000989940622189648,AC004828.1,CM
78.9960239143787,-1.44129569133329,0.723438544519419,0.000114876100476598,0.0247190769648497,KCNK13,CM
746.642382273888,-1.16441967060366,0.249737372592655,1.0557890091184e-06,0.000577428605570341,CPLX3,CM
283.79856013266,-1.06052593873778,0.594754241653198,0.000194172483923859,0.0349138085477339,GSG1L,CM
36.4053152397469,-1.80762671537325,0.387292583749594,5.36051492122185e-07,0.000367125958840523,ZNF232,CM
243.965683925253,1.57824925760255,0.335757692340729,6.36452359544536e-07,0.000379730621426435,PER1,CM
71.6301536876364,-1.71477762473115,0.553738614815957,2.0887280616021e-05,0.00621948879740002,CACNA1G,CM
96.2994542795831,-1.12719081726544,0.590229344596784,0.000157273865777075,0.0296261605305305,JAG1,CM
21.1038234015862,2.36971772635991,0.827833479881874,1.10154087418619e-05,0.0035265428084312,AL135936.1,CM
64.3405411557485,1.81523671800099,0.518960881781648,1.0113921845657e-05,0.00331888345365236,CFAP61,CM
325.238867809061,0.909296403673291,0.467076830863104,0.000151055325734049,0.0296261605305305,ACSS1,CM
65.7885410267621,-3.0629934072493,0.548719767214511,5.30228622795237e-10,8.69972612851285e-07,TSPEAR,CM
46.6166989920831,-1.05548959446145,0.550049949283172,0.000157994151846498,0.0296261605305305,SMG7-AS1,CM
183.741084646758,2.91039806966645,0.502608530883569,2.20000709298657e-10,4.81288218375695e-07,AC093912.1,CM
80.1959844716359,-2.12826040098239,0.984061972951831,3.48800420483772e-05,0.00934358024340815,AC129803.1,CM
1926.53965566061,-1.11314923481682,0.414506678346551,5.23793329515591e-05,0.0127320578578179,AC117453.1,CM
40.5737729330077,-1.31717239730527,0.538143674312244,6.85263267946968e-05,0.0160620815269141,AC097450.1,CM
66.6213150720477,2.10906632750286,0.455107505810046,3.7800229687165e-07,0.000275647674929849,SLC9A3-AS1,CM
542.779840206157,-1.34031140098793,0.237984060529422,8.69076405265175e-09,1.14074968955107e-05,AC008571.2,CM
54.7411658131726,-1.36307276235942,1.12803028523499,0.000274076604791578,0.0467211625258993,NPSR1-AS1,CM
122.020891262519,3.29235854732176,0.597598717955235,4.91096205714081e-10,8.69972612851285e-07,AC002057.2,CM
31.8986413305235,2.88544337846735,0.68898464644062,3.6690218210931e-07,0.000275647674929849,AC002057.1,CM
172.555054940571,1.45559453975893,0.73167643636818,0.000113760492618415,0.0247190769648497,AC104211.1,CM
77.3159568106705,-1.98201781375405,0.57308611758315,8.80906562049061e-06,0.00296481526498871,AC004828.2,CM
142.83254943684,1.18798758217153,0.783610711305711,0.00030128103844195,0.0308923663595496,HSPB7,FB
59.8051780318225,-1.13237407005111,0.649689331963602,0.000258319669896556,0.0290989510501121,EPHB2,FB
102.120137284238,-0.777294381462272,0.525416537005143,0.000521959519931277,0.0450248865165944,ASAP3,FB
30.623951265071,-2.31342141991236,0.753667338340428,4.02694531808855e-06,0.00192790007103489,CYP4B1,FB
84.1092148604894,0.987342250094111,0.707134062330248,0.000489700450259813,0.0428460705809045,SLC44A5,FB
272.285181986137,1.28871852695084,0.415662764253288,3.42876031693031e-05,0.00887307568502912,NEXN,FB
28.3629445753122,-1.85313328480919,0.703724890311766,2.40039793817011e-05,0.00686045521317655,CADM3,FB
116.977892291074,0.945316187382826,0.696657401555262,0.000547728013605303,0.0467321214317146,FMOD,FB
280.09633521547,-0.951467179984957,0.5405385037993,0.000303277539195578,0.0308923663595496,CD34,FB
149.361477526622,1.7510661927484,0.498384412874257,8.49051153809755e-06,0.00338736033238684,FHL2,FB
336.144760721442,0.689771299565824,0.473899020358773,0.000551512242483943,0.0467321214317146,TANC1,FB
115.255707802589,1.57010459275576,0.362086010834601,1.65949855771646e-06,0.00113497847786679,CERS6,FB
2083.50358819199,0.986647682279852,0.879305734678988,0.000608360310489919,0.0493648302791608,TTN,FB
70.9646567463826,1.14760948969358,0.822240623017116,0.000360721444240283,0.0352439574347011,CCDC141,FB
49.2431477650269,1.22600311646998,0.709397590362355,0.000227523083939737,0.0282926432301686,STAT4,FB
104.279174596431,1.50342270646086,0.347083200153944,1.90354578930477e-06,0.00121509672883955,STK17B,FB
176.846810865596,0.99244881453921,0.697420695051475,0.000470052065367552,0.0420630703354608,MAP2,FB
54.2621664449872,2.07384405421807,0.624010750021781,5.54675830030623e-06,0.00240058185292676,IGFBP2,FB
437.45020319074,1.20819537603325,0.707461082170286,0.000239832121353246,0.0290989510501121,DES,FB
39.4292884165507,1.07877921702186,0.794444512426315,0.000431688842218707,0.0393659110880392,RAMP1,FB
71.4209846416519,1.08184266742973,0.669902198785288,0.000325118511207762,0.0324271848418159,HHATL,FB
48.9395774202709,1.48129191958827,0.791692331699881,0.000118626775219182,0.0204241320890718,MYL3,FB
56.2382906177495,-0.975781737067677,0.555307547449793,0.000299344773064833,0.0308923663595496,IL17RD,FB
458.6028956334,1.08839546641709,0.511586687345005,0.000161868133812003,0.0227924614889695,MAGI1,FB
264.283240873097,1.69800239271405,0.307239824530749,5.24827678947109e-09,1.67507500863952e-05,PDZRN3,FB
43.119759574001,1.30311217879941,0.686630865760564,0.000165575266625378,0.0229765677962029,POPDC2,FB
45.9254674105312,1.26395916045567,1.00328677823445,0.000256810087419851,0.0290989510501121,FBXO40,FB
352.273907658305,1.8338238884303,0.278599070780393,5.5883509081179e-12,5.35084599452289e-08,KALRN,FB
403.982294271896,-1.345385793687,0.44734594440376,3.69827934259935e-05,0.00907974992445865,CLSTN2,FB
37.7501182796482,-0.997085860031697,0.81851812801461,0.00057269506768202,0.047683089330916,FGFBP2,FB
43.0092769642358,1.04440237000803,0.566580127858199,0.00024966019425053,0.0290989510501121,PPARGC1A,FB
280.322308084344,-1.17333536307092,0.399029372092355,4.83889089767023e-05,0.0110315191298077,ADGRL3,FB
71.4366412675761,1.17039566318849,0.52462466402736,0.000130476935258444,0.02082194425166,PARM1,FB
57.6205714307581,1.24911926377755,0.544380143989434,0.000110032556466992,0.0195104023735454,TSPAN5,FB
87.8761664340521,0.769095773682938,0.537267164059413,0.000570082886357395,0.047683089330916,EDNRA,FB
331.697415578485,1.59016825643355,0.592118948078103,3.97580651817894e-05,0.00951708685289083,SORBS2,FB
54.3412026392002,3.07936055121498,0.72648985341137,2.85813243729686e-08,4.55300690710976e-05,C5orf17,FB
368.240822785316,1.37271575669536,0.340635930494899,5.400840339218e-06,0.00240058185292676,ITGA1,FB
341.329838231141,1.23770132619927,0.441881681828891,5.59620136790386e-05,0.0124613088599254,CMYA5,FB
31.6128448174173,-1.32417005186556,0.668130279765166,0.000145443304057997,0.0211002975205351,STK32A,FB
119.51838966591,1.45225464329411,0.433626007696774,1.89125447029624e-05,0.00632987619217972,CD74,FB
128.433883958467,1.19538609020248,0.558483964508607,0.000143244306867938,0.0211002975205351,SYNPO,FB
51.6774436248173,1.10019567449476,0.792031940763983,0.000402292527546868,0.0377642250123653,DSP,FB
45.9543429269631,1.50769682537129,0.483407237774913,2.50773819802798e-05,0.00686045521317655,HLA-DRA,FB
279.869027557266,1.29806459717896,0.766042927482606,0.000205460295858413,0.026584896389788,FKBP5,FB
59.0063988711886,-1.8232622607146,0.50118609102777,5.7664107172131e-06,0.00240058185292676,FAM184A,FB
48.9483113294812,1.90753693740489,0.730900813479697,2.1458956096052e-05,0.00662804853611927,TNFAIP3,FB
56.5951788423284,0.974304562480522,0.782645873025567,0.000590082976621081,0.0487072801823004,AL033504.1,FB
66.7358338041289,1.12362565564768,0.58616647295886,0.000208397628412575,0.026605430560672,CNKSR3,FB
92.8549390931089,-2.3530389730761,0.591411337597382,6.61390874703903e-07,0.00057571069320817,COL28A1,FB
81.7914073897654,1.07748832602343,0.722333137030372,0.000379254036730872,0.0366803777949303,HDAC9,FB
73.7563298107966,-1.17099169977866,0.509985544687166,0.00011945184302747,0.0204241320890718,STEAP2,FB
147.434499733005,1.09837287683032,0.453138523369644,0.000106486484242526,0.0195104023735454,LRRC17,FB
29.3429567933221,-2.3576574403244,0.49168077610567,3.32856901825257e-08,4.55300690710976e-05,AC006007.1,FB
151.318205267504,-1.06796920677268,0.658944310291683,0.000328878952473626,0.032464082164278,CNTNAP2,FB
97.5527187986141,1.00212846287002,0.641324978854455,0.000385786878411898,0.0369390936079392,MXRA5,FB
279.021802551227,1.3780635701398,0.479436073531843,4.3032448054071e-05,0.0100496509784812,NLGN4X,FB
68.2823744438709,1.25046030841066,0.768427880618989,0.000240471181184241,0.0290989510501121,GPM6B,FB
54.4782776553684,-1.47332173623831,0.74325089923248,0.000109566245333839,0.0195104023735454,VEGFD,FB
237.753166802658,1.08221684600735,0.530358174292943,0.000183498951759134,0.0244028119874127,TSC22D3,FB
170.946176223836,1.73760927835225,0.603980156623456,2.3235833674395e-05,0.00686045521317655,MYOM2,FB
556.992833752392,-1.18138945967822,0.520736429937606,0.000122671514739419,0.0206066623443848,SCARA5,FB
122.173905503109,-1.56374621263784,0.48972457851411,2.0466231836815e-05,0.00653213899458345,C8orf34,FB
133.836410050068,1.12069372668971,0.555717493851545,0.000182891269294381,0.0244028119874127,FBXO32,FB
42.7102784695913,1.76847975383661,0.726861913191546,3.63915235455184e-05,0.00907974992445865,WNK2,FB
274.247941344487,1.83868103256546,0.397834480791546,3.21567236966687e-07,0.000307900629395603,TNC,FB
68.4541922595987,1.32038253835971,0.764661608540035,0.000190647469561904,0.0250061578226744,DEC1,FB
382.120675707138,0.97187122315181,0.519015416809553,0.000253262577086287,0.0290989510501121,DKK3,FB
335.218815114706,1.79803731186824,0.340793388830821,1.60043987840216e-08,3.83105295892516e-05,MICAL2,FB
226.608304209719,1.37512943717032,0.569711477746503,7.99212281043e-05,0.0166357773717103,CSRP3,FB
218.552193268939,1.3715830493376,0.743710768428467,0.000154046598637307,0.0220148683873465,MYBPC3,FB
700.874271379428,1.63290996012347,0.410295047842037,4.00407483405482e-06,0.00192790007103489,ZBTB16,FB
36.1014677940227,1.50808606938629,0.483589900752913,2.50763691049414e-05,0.00686045521317655,MCAM,FB
315.724171562185,-0.787621600077265,0.489653653836114,0.00041556851727518,0.03826027454721,OAF,FB
231.753089482551,1.80627706773318,0.469444258012487,3.84069624485263e-06,0.00192790007103489,ITGA8,FB
266.339869664009,1.22519953727822,0.869965629523008,0.000296105036348132,0.0308923663595496,NEBL,FB
80.7145796166309,-1.36820675631474,0.386797591637229,1.52484145678754e-05,0.00540753961064472,APBB1IP,FB
35.5521944500434,2.54003250804788,0.454267516164466,3.11556657044584e-10,1.49157749560095e-06,DDIT4,FB
217.306361996456,1.08174408012556,0.826618462038771,0.00044424542749451,0.040128773285471,LDB3,FB
492.649561948404,0.732809973431639,0.455000850126338,0.000415464497796931,0.03826027454721,SORBS1,FB
165.801387105085,-1.86697554411716,0.468352974270182,2.40001420362351e-06,0.00143625849998094,SORCS1,FB
92.275091037223,1.53475495619195,0.691201231536235,7.60233680347699e-05,0.0161760833096205,RBM20,FB
84.3634657509219,-1.12497036419036,0.511916508429203,0.000142489092214044,0.0211002975205351,GFRA1,FB
67.9937827260672,-1.11942684962791,0.620808109531342,0.000243224221345666,0.0290989510501121,NINJ2,FB
38.9888825971583,1.31354401184101,0.622366823154527,0.000127235586019243,0.0206488260361738,PHLDA1,FB
43.6705060747721,1.3301927759935,0.725971985905038,0.0001690084857249,0.0231179464402273,ADPRHL1,FB
1995.79809762762,1.17019494588436,0.79289939206262,0.000323380193392826,0.0324271848418159,MYH6,FB
122.969763484298,2.61996127282125,0.568546552878487,3.31988728535492e-08,4.55300690710976e-05,MYH7,FB
29.022608456226,1.09789950372733,0.784489809194681,0.000400667765376045,0.0377642250123653,FITM1,FB
184.721534354197,1.01714641831059,0.567452652664202,0.000274905526136843,0.0299115955995485,NRXN3,FB
305.54886532798,-0.924708529100742,0.627426850964415,0.000476734360999896,0.0422660324682778,STON2,FB
154.422868123044,1.22252593757968,0.490942614729135,8.73424291750248e-05,0.0171387900617114,RYR3,FB
86.8682234929724,1.5585977035777,0.878639832668803,0.000103730146815955,0.0194748265835836,DAPK2,FB
435.922960824176,1.30493025964196,0.341584603100291,9.4587760734395e-06,0.00362271123612733,CDH13,FB
158.704588953182,1.63898527267573,0.471189682451399,1.12157612852025e-05,0.00413041978099283,PER1,FB
50.4675078725235,1.37606675301505,0.581233913844424,8.4581978560578e-05,0.0171387900617114,MYOCD,FB
2519.98944303137,-0.797275011033107,0.39838264239431,0.000218042483315652,0.0274704839177285,ABCA8,FB
85.4541978696409,1.7317050632144,0.403473556345342,1.36906769988128e-06,0.00100837101741256,PIEZO2,FB
129.541724662732,1.50450340799159,0.300592949732167,1.26104810378962e-07,0.000134161506597618,LAMA3,FB
138.654978550566,1.54440402326988,0.347372862181113,1.20915982760217e-06,0.000964808779107568,CDH2,FB
137.147309011105,-0.967919093567812,0.421694514387357,0.000137025657837642,0.0211002975205351,ADAM33,FB
135.106256316382,-1.54650310039875,0.376308696362287,3.36224928816158e-06,0.00189373746671454,PROCR,FB
79.4028760065711,1.22393114535841,0.948225327343755,0.000300108281889011,0.0308923663595496,NFATC2,FB
83.7813157560023,1.33171977975911,0.636562113665171,0.000126481777740785,0.0206488260361738,EEF1A2,FB
100.813107202525,1.19085572395287,0.55329752959772,0.00014174854275696,0.0211002975205351,NOTCH3,FB
79.1113630048405,1.0544722791265,0.596261299040355,0.000274288253067875,0.0299115955995485,CALM3,FB
48.2583367109578,1.69997713699325,0.553427606994289,1.91714265872806e-05,0.00632987619217972,HRC,FB
613.99028681776,0.972131593898217,0.785112677661306,0.000596172888097686,0.048789362423379,TNNI3,FB
135.269817876111,-1.28227155721457,0.399727050063377,2.92288786996923e-05,0.00777406982082094,ADAMTS5,FB
789.47486500365,1.29194911122837,0.539209972748687,9.15060082590384e-05,0.0175234005816059,MT-ND2,FB
1245.66878845878,0.834227223066359,0.556585796325351,0.000492226398318485,0.0428460705809045,MT-CO2,FB
1590.63607467847,0.995367868083786,0.559009980934462,0.000284843981933334,0.0306447317641761,MT-ATP6,FB
1898.40692892904,0.990995367023753,0.54492803909303,0.000270477893140394,0.0299115955995485,MT-CO3,FB
1071.71439896887,1.23763833137531,0.499976213415609,8.77076462688103e-05,0.0171387900617114,MT-ND3,FB
1433.60517668132,1.17005567312129,0.529433788577038,0.000134228941184705,0.0210695428171074,MT-ND4,FB
40.794847690596,-2.00392191299588,0.415771415271832,8.69258510771891e-08,0.000104039378008011,SLC66A1L,FB
33.7935535049341,-1.24828181315687,0.793913696190411,0.000253197905423196,0.0290989510501121,AC109472.1,FB
50.7816772173003,1.34984136099863,0.503652991415055,5.83630598238241e-05,0.0127005976775708,AC079142.1,FB
379.90104252458,2.76963857348501,0.644936645306836,4.73786580139334e-07,0.00121621015121767,RYR2,EC
39.8230533351825,1.4483190775531,1.10176279234161,3.87578217121084e-05,0.0331637761116607,COL3A1,EC
110.301962129926,1.30809538510903,0.707245180405852,1.57447496077134e-05,0.0221927112906578,FN1,EC
25.8203722212907,2.27095024660753,1.13010396804432,1.11891105795032e-05,0.0215418351431886,PDZRN3,EC
138.16286155789,1.65925672516172,0.916485098144587,1.72907762295737e-05,0.0221927112906578,DMD,EC
101.820164059291,1.68313157902483,1.18437739201072,3.06386572993553e-05,0.0294935374827919,CACNA1C,EC
149.076884973279,-1.83322285660417,0.408088467391371,4.42804699205182e-07,0.00121621015121767,STXBP6,EC
17.9170604742342,2.15451051143324,1.660053661808,2.54764279957324e-05,0.0280277102850193,AP001605.1,EC
42.261867855667,4.89423483084388,1.03571127988844,2.21132926311076e-08,0.00017029446655216,LINC01695,EC
17.0448601507381,1.54402603803928,1.49106995054802,5.65660052221906e-05,0.043561480621609,LINC01697,EC
353.404366057777,-0.904505205086445,0.461521908448265,0.000189934693664303,0.0339983101659102,SCN9A,Myeloid
51.7873469638829,1.03559443387996,0.592268564901672,0.000223290143362705,0.0375465759248379,DHRS9,Myeloid
23.2469675190214,1.53125266958042,0.885410503441083,5.56521034270766e-05,0.017500591176057,STAT4,Myeloid
161.182162925222,1.87986418591803,0.351764408874804,7.11370741771687e-09,1.46762924012134e-05,FN1,Myeloid
62.7367762416325,-1.52657584472092,0.461587433808774,1.31999054627054e-05,0.00666567444088558,CD200R1,Myeloid
136.718157034972,-1.22466922623048,0.681093857045051,0.000148815599194227,0.0286477782041677,AC092691.1,Myeloid
73.8293004779589,2.17495847679867,0.393699953527359,8.71367181210411e-10,4.83521648853657e-06,TPRG1,Myeloid
74.7132034523147,1.29202035379825,0.740916793465781,0.00013048782082713,0.0268176636211017,FGF12,Myeloid
28.5585166393089,1.091600750378,0.819385012721315,0.000276498147494741,0.0438368062985233,LDB2,Myeloid
31.5901705966265,-1.26326273554684,0.878859298661984,0.000149718069547822,0.0286477782041677,STOX2,Myeloid
57.1347831096486,1.03888127973353,0.699204641653275,0.000296988438020066,0.0452812367105966,SORBS2,Myeloid
94.9618915925154,2.11057961415281,0.409411585072321,7.93456067825558e-09,1.46762924012134e-05,SLC1A3,Myeloid
36.3504709603413,1.2679971599607,0.627486101523691,0.000109253711038884,0.0250792216646573,SPARC,Myeloid
169.439559783419,1.05971159488588,0.41283668899689,7.32821653114569e-05,0.0202984920603099,RNF144B,Myeloid
344.934203325768,1.53784678119299,0.467293627783017,1.3213627473372e-05,0.00666567444088558,FKBP5,Myeloid
40.5066781426544,1.29720599218372,0.6764279707028,0.00011298982548503,0.0250792216646573,COL1A2,Myeloid
52.0568636681415,-1.2622272907424,0.627836664349394,0.000111742714536113,0.0250792216646573,AC110995.1,Myeloid
87.9213521542847,2.04528283846552,0.438607893801542,9.74124613956241e-08,9.00902913807197e-05,TSC22D3,Myeloid
77.5907465457854,1.42890978839212,0.688123905882073,7.06336198741892e-05,0.0202984920603099,MYOM2,Myeloid
79.4000913826016,-0.894819509102271,0.54281221886939,0.00030192931308201,0.0452812367105966,MFHAS1,Myeloid
32.5281277993607,2.02353390650135,0.589974586107882,2.59602406063747e-06,0.00180066718905966,LPL,Myeloid
109.281344914724,-1.22027590738084,0.385527685446061,2.68420674451834e-05,0.00980265681286373,DNM1,Myeloid
141.036357752423,1.01234917945593,0.712412290972167,0.00033311579334239,0.0486436720330769,CSRP3,Myeloid
99.963612923577,2.29206408429546,0.498145770256338,4.25522477923072e-08,4.72244845999025e-05,ZBTB16,Myeloid
109.736240482654,-1.50078440617944,0.356615551422267,2.24187233797432e-06,0.00177716422905993,DSCAML1,Myeloid
57.1060066032892,-1.27810471165901,0.600607704354747,9.55471281522729e-05,0.024099591550771,FXYD6,Myeloid
91.6159109451227,1.23923873921049,0.623399692710817,0.000119841862830665,0.0255770191095139,NEBL,Myeloid
107.347903225571,1.47221669884375,0.376809974362471,4.9409903674153e-06,0.00304639506097639,ARID5B,Myeloid
50.7251463091755,1.08292924952385,0.610645638243482,0.000201508527145745,0.0349428380353669,CD9,Myeloid
46.4958285372749,1.35379800135508,0.619387486681765,7.68189463446579e-05,0.0202984920603099,TMCC3,Myeloid
392.345591976967,-0.971586604668907,0.491320208723141,0.000176661513849511,0.0326764913450313,RNASE1,Myeloid
72.3260961571295,2.60085541943919,0.604659629783681,2.69060660232068e-08,3.73254400906936e-05,MYH7,Myeloid
26.7445762260792,1.62686677918991,0.653081731146829,2.82650043261524e-05,0.00980265681286373,MT2A,Myeloid
68.6100976571089,1.11095508847782,0.740789240153461,0.000247312230309823,0.0403628107643884,PER1,Myeloid
27.6435323548337,1.53059505991351,0.832092790039614,5.67689027156292e-05,0.017500591176057,FCGBP,Myeloid
30.6305302053141,1.72521099188984,0.697805681773913,2.09932420835848e-05,0.00896088464013939,CALM3,Myeloid
113.090574076986,1.33690976177124,0.428845018086345,2.46487229085678e-05,0.00976969738711734,ETS2,Myeloid
42.5403014841169,-1.58092607529535,0.509086507277303,1.56856891203784e-05,0.00725332407741499,DISC1FP1,Myeloid
20.0131786604984,2.05314510285963,1.323877450036,1.53700373204014e-05,0.0220508802090026,IGFBP2,Endocardial
49.2414288704277,1.34985140496272,1.20842786719994,4.84655658545376e-05,0.0463546212084288,SERPINE2,Endocardial
224.422678852518,1.97610092199139,0.818423599263881,6.71844210115667e-06,0.0144580874016891,IGFBP7,Endocardial
146.282670609039,1.78313178629259,1.12365878558137,1.96696392967279e-05,0.0241880364380334,HLA-DRA,Endocardial
174.761890939476,2.64022239383191,0.479104405839332,8.36437532830404e-09,3.60002714130206e-05,FKBP5,Endocardial
33.1135193015024,1.31994753169597,1.3099896247952,5.53634674145897e-05,0.0476568727504788,TENT5A,Endocardial
28.7614435441224,1.90199177754069,1.01865916594758,1.31446991172832e-05,0.0220508802090026,SGK1,Endocardial
260.210247429027,2.07502702784336,0.436692476373327,2.16633066520309e-07,0.000621592478868941,ZBTB16,Endocardial
224.774158900293,-2.6721722239116,0.402890316304388,8.96916466115299e-12,7.7206569403205e-08,OPCML,Endocardial
25.3661107377279,1.72141593781326,1.44141590140296,2.86032763751362e-05,0.0307771253796466,MYH7,Endocardial
2029.73620502749,1.68325063807783,0.627969418941967,2.4059804039296e-05,0.00551894889578312,NPPA,PC
51.4861028009652,1.99182327464715,0.567890559476137,2.99119201493828e-06,0.00178394691770919,HSPB7,PC
82.8781876916704,1.38943909544439,0.775797391980214,0.000116204212534618,0.0131701114964225,FABP3,PC
23.7075999356825,1.17574139350006,0.821033972941516,0.000258581895450626,0.0213117756150818,PRKAA2,PC
67.5253965723325,1.23414349922164,0.559692261925073,0.000119246482361975,0.0131701114964225,NEXN,PC
92.6802952400732,1.34826484445305,0.742998137772287,0.00013242634194709,0.0136170810926283,S100A1,PC
266.17654159089,1.05074040122114,0.781262085689465,0.000399271371199036,0.0272162846336609,TNNT2,PC
609.150486746882,1.0598025684267,0.807922006158689,0.000387654105112864,0.0272162846336609,TTN,PC
144.317718551288,-1.00118947922004,0.804353712810529,0.000472590909447236,0.0299843849355672,IGFBP5,PC
171.575175529155,1.48649006815749,0.804054234518935,7.90731167948138e-05,0.0107180015582789,DES,PC
25.3033856357888,0.966413987643888,0.883807233597267,0.00047177320428814,0.0299843849355672,HHATL,PC
162.916299022592,1.83266622414451,0.546478708841916,6.7008521732872e-06,0.00285456302582035,TNNC1,PC
113.841547935501,1.20329156072854,0.67558804143101,0.000200927886772736,0.0187239674486343,SLC25A4,PC
75.5114470904153,1.34359057769988,0.808705245230346,0.000139893138462934,0.0139053779632157,CMYA5,PC
36.9823026817074,1.36640526092518,0.824286102465234,0.00012757305524059,0.0135865303831228,GPX3,PC
106.072319569394,-1.59231341754185,0.381079046968928,2.38155144990404e-06,0.00177544660590346,BMP5,PC
114.508257555976,1.62098899567707,0.528019982141743,1.84072541064448e-05,0.0049900392495835,PLN,PC
1161.66795843583,1.09798504902513,0.700168050044425,0.000308557125176336,0.0230774849722492,MYL7,PC
51.1496479944158,1.16972014104745,0.817940195646402,0.000264431823527172,0.0213117756150818,MYOM2,PC
24.2882065738259,1.12183702780949,0.765671886375212,0.000309557142484899,0.0230774849722492,CTSB,PC
168.257852621501,1.2088653257797,0.749980521755822,0.000224037838876913,0.019343408998076,UQCRB,PC
28.5556876755651,-1.54743965448066,0.702766835851366,5.54465429391672e-05,0.0102526983360308,GRIN3A,PC
102.035045310618,0.951017775428627,0.673907438576879,0.000488403662617676,0.0303420775401231,DKK3,PC
93.614776823823,1.72313551987287,0.588170879263513,1.63368860131277e-05,0.00487165940911467,CSRP3,PC
112.847278875451,1.78325473627061,0.396552151205261,5.53043119485983e-07,0.0008245872911536,ZBTB16,PC
105.882212326462,1.22380179002468,0.683156723616195,0.000189812866613058,0.0182587731690367,LDB3,PC
175.232380643502,1.00387854310725,0.835298338471192,0.000459060555077828,0.0299843849355672,ANKRD1,PC
89.8459102395389,1.04317924985983,0.750127633048003,0.000401581664614714,0.0272162846336609,LDHB,PC
83.0789664987271,1.13105939645226,0.608249807149479,0.000213229080631632,0.0192681551043493,CPM,PC
765.222258962096,1.79016497164344,0.617819541064051,1.34721089692454e-05,0.00446375877180998,MYH6,PC
43.7064606983817,2.33120504325027,0.671278908447672,5.4029667635082e-07,0.0008245872911536,MYH7,PC
155.113839825209,1.60845249007352,0.683711403073333,4.06692931900671e-05,0.00866255944948428,COX6A2,PC
164.11026422589,1.51462845137004,0.78562918826765,7.011501812418e-05,0.0102526983360308,TCAP,PC
30.9120898703327,1.1079552132559,0.902964307236445,0.00028894845871563,0.0226748501023687,EEF1A2,PC
62.7831639498549,1.45366311491155,0.617375844577803,6.41241155550392e-05,0.0102526983360308,EEF2,PC
128.012037042264,1.20862931946637,0.76336629664681,0.000227035316878826,0.019343408998076,COX7A1,PC
121.349732065091,1.0758030319512,0.79077933502275,0.000367265483858967,0.0267118456796936,CKM,PC
240.898919719019,1.55058249811931,0.750392974079892,5.87757040236425e-05,0.0102526983360308,TNNI3,PC
436.484320142092,1.80047830231945,0.504372023962513,5.30390428094468e-06,0.00263604042762951,MB,PC
277.604279725884,1.42601926017722,0.663400572775615,8.34860893247283e-05,0.0108241529724496,MT-ND1,PC
247.358451551142,1.6764724899245,0.523221818910758,1.32467351146739e-05,0.00446375877180998,MT-ND2,PC
1013.90920298529,1.30478709816641,0.618211946268917,0.000116201888728963,0.0131701114964225,MT-CO1,PC
379.925852919337,1.34479970427148,0.531268581892507,6.62783591942153e-05,0.0102526983360308,MT-CO2,PC
494.451741570268,1.31549083919522,0.606271991490428,0.000106686252440036,0.0131701114964225,MT-ATP6,PC
577.962605043277,1.34028173196471,0.543073401768904,7.22021009579635e-05,0.0102526983360308,MT-CO3,PC
321.02532102812,1.57406111863256,0.531407195026219,2.38326918259208e-05,0.00551894889578312,MT-ND3,PC
456.344314134157,1.70681137861145,0.401187664420664,1.47433074473583e-06,0.00146548476026742,MT-ND4,PC
345.856017888178,1.38296158426087,0.542924126148418,6.05082762956003e-05,0.0102526983360308,MT-CYB,PC
45.3685315174016,-0.00601168604803683,0.0310394490183827,3.39848053123801e-06,0.0333798757778197,ST6GALNAC5,SMC
71.1757231178531,0.0206564290592175,0.0547295719134764,1.11022888492175e-06,0.0156708807106705,FKBP5,Adipo
